,,
,,
,,
,,
,,
,,
,,
,,
,,
,,
,,
,,
,,
,,
,,
,,
,,
,,
,,
,,
,,
,,
,,
,,
,,
,,
,,
,,
,,
,,
,,
,,
,,
,,
,,
,,
,,
,,
,,
,,
,,
,,
,,
,,
Jerry,Email@yahoo.com,"georgia tech"
Jerry,Email@yahoo.com,
Jerry,Email@yahoo.com,
Jerry,Email@yahoo.com,
Jerry,Email@yahoo.com,
Jerry,Email@yahoo.com,
Jerry,Email@yahoo.com,
Jerry,Email@yahoo.com,
Jerry,Email@yahoo.com,
Jerry,Email@yahoo.com,
Jerry,Email@yahoo.com,
Jerry,Email@yahoo.com,
Jerry,Email@yahoo.com,
Jerry,Email@yahoo.com,
Jerry,Email@yahoo.com,
Jerry,Email@yahoo.com,
Jerry,Email@yahoo.com,
Jerry,Email@yahoo.com,
Jerry,Email@yahoo.com,
Jerry,Email@yahoo.com,
Jerry,Email@yahoo.com,
Jerry,Email@yahoo.com,
Jerry,Email@yahoo.com,
Jerry,Email@yahoo.com,
Jerry,Email@yahoo.com,
Jerry,Email@yahoo.com,
Jerry,Email@yahoo.com,
Jerry,Email@yahoo.com,
Jerry,Email@yahoo.com,
Jerry,Email@yahoo.com,
Jerry,Email@yahoo.com,
Jerry,Email@yahoo.com,
Jerry,Email@yahoo.com,
Jerry,Email@yahoo.com,
Jerry,Email@yahoo.com,
Jerry,Email@yahoo.com,
Jerry,Email@yahoo.com,
Jerry,Email@yahoo.com,
Jerry,Email@yahoo.com,
Jerry,Email@yahoo.com,
Jerry,Email@yahoo.com,
Jerry,Email@yahoo.com,
Jerry,Email@yahoo.com,
Jerry,Email@yahoo.com,
Jerry,Email@yahoo.com,
Jerry,Email@yahoo.com,
Jerry,Email@yahoo.com,
Jerry,Email@yahoo.com,
Jerry,Email@yahoo.com,
Jerry,Email@yahoo.com,
Jerry,Email@yahoo.com,
Jerry,Email@yahoo.com,
Jerry,Email@yahoo.com,
Jerry,Email@yahoo.com,
Jerry,Email@yahoo.com,
Jerry,Email@yahoo.com,
Jerry,Email@yahoo.com,
Jerry,Email@yahoo.com,
Jerry,Email@yahoo.com,
Jerry,Email@yahoo.com,
Jerry,Email@yahoo.com,
Jerry,Email@yahoo.com,
Jerry,Email@yahoo.com,
Jerry,Email@yahoo.com,
Jerry,Email@yahoo.com,
Jerry,Email@yahoo.com,
rajat,rajat@email.com,tech
,,
,,
,,
,,
,,
,,
,,
,,
,,
,,
,,
,,
,,
,,
,,
,,
,,
,,
,,
,,
,,
,,
,,
,,
,,
,,
,,
,,
,,
,,
,,
,,
,,
,,
,,
,,
,,
,,
,,
,,
,,
,,
,,
,,
,,
,,
,,
,,
,,
,,
,,
,,
,,
,,
,,
,,
,,
,,
,,
,,
,,
,,
,,
,,
,,
,,
,,
,,
,,
,,
,,
,,
,,
,,
,,
jerry,123@yahoo.com,123
jerry,123@yahoo.com,123
jerry,123@yahoo.com,123
jerry,123@yahoo.com,123
jerry,123@yahoo.com,123
jerry,123@yahoo.com,123
jerry,123@yahoo.com,123
,,
,,
,,
jerry,123@yahoo.com,
jerry,123@yahoo.com,
jerry,123@yahoo.com,
jerry,123@yahoo.com,123
jerry,123@yahoo.com,123
jerry,123@yahoo.com,123
jerry,123@yahoo.com,123
jerry,123@yahoo.com,123
,,
,,
,,
,,
,,
,,
,,
,,
,,
,,
,,
,,
,,
,,
,,
,,
,,
,,
,,
,,
,,
,,
,,
,,
,,
,,
,,
,,
,,
,,
,,
,,
,,
,,
,,
,,
,,
,,
,,
,,
,,
,,
,,
,,
,,
,,
,,
,,
,,
,,
,,
,,
,,
,,
,,
,,
,,
,,
,,
,,
,,
,,
,,
,,
,,
,,
,,
,,
,,
,,
,,
,,
,,
,,
,,
,,
,,
,,
,,
,,
,,
,,
,,
,,
,,
,,
,,
,,
,,
,,
,,
,,
,,
,,
,,
,,
,,
,,
,,
,,
,,
,,
,,
,,
,,
,,
,,
,,
,,
,,
,,
,,
,,
,,
,,
,,
,,
,,
,,
,,
,,
,,
,,
,,
,,
,,
,,
,,
,,
,,
,,
,,
,,
,,
,,
,,
,,
,,
,,
,,
,,
,,
,,
,,
,,
,,
,,
,,
,,
,,
,,
,,
,,
,,
,,
,,
,,
,,
,,
,,
,,
,,
,,
,,
,,
,,
,,
,,
,,
,,
,,
,,
,,
,,
,,
,,
,,
,,
,,
,,
,,
,,
,,
,,
,,
,,
,,
,,
,,
,,
,,
,,
,,
,,
,,
,,
,,
,,
,,
,,
,,
,,
,,
,,
,,
,,
,,
,,
,,
,,
,,
,,
,,
,,
,,
,,
,,
,,
,,
,,
,,
,,
,,
,,
,,
,,
,,
,,
,,
,,
,,
,,
,,
,,
,,
,,
,,
,,
,,
,,
,,
,,
,,
,,
,,
,,
,,
,,
,,
,,
,,
,,
,,
,,
,,
,,
,,
,,
,,
,,
,,
,,
,,
,,
,,
,,
,,
,,
,,
,,
,,
,,
,,
,,
,,
,,
,,
,,
,,
,,
,,
,,
,,
,,
,,
,,
,,
,,
,,
,,
,,
,,
,,
,,
,,
,,
,,
,,
,,
,,
,,
,,
,,
,,
,,
,,
,,
,,
,,
,,
,,
,,
,,
,,
,,
,,
,,
,,
,,
,,
,,
,,
,,
,,
,,
,,
,,
,,
,,
,,
,,
,,
,,
,,
,,
,,
,,
,,
,,
,,
,,
,,
,,
,,
,,
,,
,,
,,
,,
,,
,,
,,
,,
,,
,,
,,
,,
,,
,,
,,
,,
,,
